gene	allele_full	allele_2field	abundance	flags
A	A*03:01:01:01	A*03:01	29.54	
A	A*02:01:01:01	A*02:01	28.58	
A	A*03:21	A*03:21	18.14	N
A	A*03:78	A*03:78	18.14	
B	B*44:02:01:01	B*44:02	28.93	
B	B*15:01:01:01	B*15:01	27.71	
C	C*05:01:01:02	C*05:01	40.07	
C	C*03:07	C*03:07	34.03	
C	C*05:01:01:01	C*05:01	18.21	
DMA	DMA*01:02	DMA*01:02	87.83	
DMA	DMA*01:03	DMA*01:03	12.17	
DMB	DMB*01:03:01:01	DMB*01:03	37.86	
DMB	DMB*01:03:01:03	DMB*01:03	33.76	
DMB	DMB*01:07	DMB*01:07	28.38	
DOA	DOA*01:01:05	DOA*01:01	37.09	
DOA	DOA*01:01:04:02	DOA*01:01	25.49	
DOA	DOA*01:04	DOA*01:04	25.49	N
DOA	DOA*01:03	DOA*01:03	11.93	
DOB	DOB*01:05	DOB*01:05	37.5	
DOB	DOB*01:02:01	DOB*01:02	28.12	
DOB	DOB*01:01:03:01	DOB*01:01	15.21	
DOB	DOB*01:02:02	DOB*01:02	10.59	
DPA1	DPA1*01:03:01:01	DPA1*01:03	100.0	
DPB1	DPB1*105:01	DPB1*105:01	30.15	
DPB1	DPB1*04:02:01:02	DPB1*04:02	27.29	
DPB1	DPB1*04:01:01:02	DPB1*04:01	24.02	
DPB1	DPB1*126:01	DPB1*126:01	18.54	
DPB2	DPB2*03:01:01:02	DPB2*03:01	34.28	
DPB2	DPB2*01:01:01	DPB2*01:01	30.69	
DPB2	DPB2*01:01:02	DPB2*01:01	25.28	
DQA1	DQA1*03:03:01:01	DQA1*03:03	75.0	
DQA1	DQA1*03:01:01	DQA1*03:01	25.0	
DQB1	DQB1*03:02:01:01	DQB1*03:02	52.08	
DQB1	DQB1*03:01:01:01	DQB1*03:01	47.92	
DRA	DRA*01:02:01	DRA*01:02	60.38	
DRA	DRA*01:01:02	DRA*01:01	39.62	
DRB1	DRB1*04:01:01:01	DRB1*04:01	69.06	
DRB1	DRB1*04:01:01:02	DRB1*04:01	30.94	
E	E*01:03:02:02	E*01:03	49.25	
E	E*01:01:01:05	E*01:01	32.28	
E	E*01:01:01:01	E*01:01	18.47	
F	F*01:03:01:01	F*01:03	65.51	
F	F*01:04	F*01:04	22.22	
F	F*01:01:02:01	F*01:01	12.27	
G	G*01:01:01:01	G*01:01	53.13	
G	G*01:01:01:05	G*01:01	46.87	
H	H*01:01:01:01	H*01:01	59.64	
H	H*02:04	H*02:04	40.36	
HFE	HFE*003	HFE*003	86.84	
HFE	HFE*002	HFE*002	13.16	
K	K*01:01:01:01	K*01:01	51.58	
K	K*01:02	K*01:02	48.42	
L	L*01:01:01:01	L*01:01	61.39	
L	L*01:02	L*01:02	38.61	
MICA	MICA*010:01	MICA*010:01	55.43	
MICA	MICA*008:01:02	MICA*008:01	44.57	
MICB	MICB*019	MICB*019	47.35	
MICB	MICB*018	MICB*018	43.71	
TAP1	TAP1*03:01	TAP1*03:01	45.94	
TAP1	TAP1*06:01	TAP1*06:01	40.53	
TAP1	TAP1*01:02	TAP1*01:02	13.53	N
TAP2	TAP2*01:04	TAP2*01:04	69.84	
TAP2	TAP2*01:01:02	TAP2*01:01	30.16	
V	V*01:01:01:01	V*01:01	100.0	
